charge_group,Biden final 365 days,Trump first 365 days,raw_change,pct_change,pct_change_label
Aggravated Assault and Homicide,21,24,3,0.14285714285714285,14.3%
Sex Crimes,44,64,20,0.45454545454545453,45.5%
Weapons Offenses,11,15,4,0.36363636363636365,36.4%
Drugs - Non-Marijuana,77,105,28,0.36363636363636365,36.4%
DUI,21,100,79,3.761904761904762,376.2%
Traffic Offense,19,82,63,3.3157894736842106,331.6%
Marijuana,5,15,10,2,200.0%
Other,129,272,143,1.1085271317829457,110.9%
